regime,signal,selected_features,risk_multiplier,confidence,reason,source,guardrails_applied,time,idx,close
value_investing,buy,"['rsi_14', 'macd_hist', 'ema_20', 'ema_50', 'ema_100', 'atr_pct', 'drawdown_from_peak']",0.8,0.55,"Deterministic fallback based on RSI, MACD, EMA trend, drawdown, and ATR%. ",heuristic_fallback,[],2025-09-07 00:00:00+00:00,60,111129.61
value_investing,buy,"['rsi_14', 'macd_hist', 'ema_20', 'ema_50', 'ema_100', 'atr_pct', 'drawdown_from_peak']",0.8,0.55,"Deterministic fallback based on RSI, MACD, EMA trend, drawdown, and ATR%. ",heuristic_fallback,[],2025-09-08 00:00:00+00:00,61,112072.57
value_investing,buy,"['rsi_14', 'macd_hist', 'ema_20', 'ema_50', 'ema_100', 'atr_pct', 'drawdown_from_peak']",0.8,0.55,"Deterministic fallback based on RSI, MACD, EMA trend, drawdown, and ATR%. ",heuristic_fallback,[],2025-09-09 00:00:00+00:00,62,111549.32
value_investing,hold,"['rsi_14', 'macd_hist', 'ema_20', 'ema_50', 'ema_100', 'atr_pct', 'drawdown_from_peak']",0.4,0.55,"Deterministic fallback based on RSI, MACD, EMA trend, drawdown, and ATR%. ",heuristic_fallback,['indicator_confirmation_failed: DCA/value buy needs RSI<=55 or price below EMA100'],2025-09-10 00:00:00+00:00,63,113983.97
value_investing,hold,"['rsi_14', 'macd_hist', 'ema_20', 'ema_50', 'ema_100', 'atr_pct', 'drawdown_from_peak']",0.4,0.55,"Deterministic fallback based on RSI, MACD, EMA trend, drawdown, and ATR%. ",heuristic_fallback,[],2025-09-11 00:00:00+00:00,64,115540.0
hold,sell,"['rsi_14', 'macd_hist', 'ema_20', 'ema_50', 'ema_100', 'atr_pct', 'drawdown_from_peak']",0.8,0.55,"Deterministic fallback based on RSI, MACD, EMA trend, drawdown, and ATR%. ",heuristic_fallback,[],2025-09-12 00:00:00+00:00,65,116106.03
hold,sell,"['rsi_14', 'macd_hist', 'ema_20', 'ema_50', 'ema_100', 'atr_pct', 'drawdown_from_peak']",0.8,0.55,"Deterministic fallback based on RSI, MACD, EMA trend, drawdown, and ATR%. ",heuristic_fallback,[],2025-09-13 00:00:00+00:00,66,115968.35
hold,sell,"['rsi_14', 'macd_hist', 'ema_20', 'ema_50', 'ema_100', 'atr_pct', 'drawdown_from_peak']",0.8,0.55,"Deterministic fallback based on RSI, MACD, EMA trend, drawdown, and ATR%. ",heuristic_fallback,[],2025-09-14 00:00:00+00:00,67,115314.13
hold,sell,"['rsi_14', 'macd_hist', 'ema_20', 'ema_50', 'ema_100', 'atr_pct', 'drawdown_from_peak']",0.8,0.55,"Deterministic fallback based on RSI, MACD, EMA trend, drawdown, and ATR%. ",heuristic_fallback,[],2025-09-15 00:00:00+00:00,68,115381.08
hold,sell,"['rsi_14', 'macd_hist', 'ema_20', 'ema_50', 'ema_100', 'atr_pct', 'drawdown_from_peak']",0.8,0.55,"Deterministic fallback based on RSI, MACD, EMA trend, drawdown, and ATR%. ",heuristic_fallback,[],2025-09-16 00:00:00+00:00,69,116832.56
swing_trading,buy,"['rsi_14', 'macd_hist', 'ema_20', 'ema_50', 'ema_100', 'atr_pct', 'drawdown_from_peak']",0.8,0.55,"Deterministic fallback based on RSI, MACD, EMA trend, drawdown, and ATR%. ",heuristic_fallback,[],2025-09-17 00:00:00+00:00,70,116484.4
swing_trading,hold,"['rsi_14', 'macd_hist', 'ema_20', 'ema_50', 'ema_100', 'atr_pct', 'drawdown_from_peak']",0.4,0.55,"Deterministic fallback based on RSI, MACD, EMA trend, drawdown, and ATR%. ",heuristic_fallback,"['indicator_confirmation_failed: swing buy needs close>EMA50, EMA20>EMA50, MACD hist>0, and RSI 45-75']",2025-09-18 00:00:00+00:00,71,117117.99
swing_trading,hold,"['rsi_14', 'macd_hist', 'ema_20', 'ema_50', 'ema_100', 'atr_pct', 'drawdown_from_peak']",0.4,0.55,"Deterministic fallback based on RSI, MACD, EMA trend, drawdown, and ATR%. ",heuristic_fallback,[],2025-09-19 00:00:00+00:00,72,115690.55
swing_trading,hold,"['rsi_14', 'macd_hist', 'ema_20', 'ema_50', 'ema_100', 'atr_pct', 'drawdown_from_peak']",0.4,0.55,"Deterministic fallback based on RSI, MACD, EMA trend, drawdown, and ATR%. ",heuristic_fallback,[],2025-09-20 00:00:00+00:00,73,115752.4
swing_trading,hold,"['rsi_14', 'macd_hist', 'ema_20', 'ema_50', 'ema_100', 'atr_pct', 'drawdown_from_peak']",0.4,0.55,"Deterministic fallback based on RSI, MACD, EMA trend, drawdown, and ATR%. ",heuristic_fallback,[],2025-09-21 00:00:00+00:00,74,115282.27
value_investing,hold,"['rsi_14', 'macd_hist', 'ema_20', 'ema_50', 'ema_100', 'atr_pct', 'drawdown_from_peak']",0.8,0.55,"Deterministic fallback based on RSI, MACD, EMA trend, drawdown, and ATR%. ",heuristic_fallback,[],2025-09-22 00:00:00+00:00,75,112736.59
value_investing,hold,"['rsi_14', 'macd_hist', 'ema_20', 'ema_50', 'ema_100', 'atr_pct', 'drawdown_from_peak']",0.8,0.55,"Deterministic fallback based on RSI, MACD, EMA trend, drawdown, and ATR%. ",heuristic_fallback,[],2025-09-23 00:00:00+00:00,76,112017.21
value_investing,hold,"['rsi_14', 'macd_hist', 'ema_20', 'ema_50', 'ema_100', 'atr_pct', 'drawdown_from_peak']",0.8,0.55,"Deterministic fallback based on RSI, MACD, EMA trend, drawdown, and ATR%. ",heuristic_fallback,[],2025-09-24 00:00:00+00:00,77,113348.17
value_investing,hold,"['rsi_14', 'macd_hist', 'ema_20', 'ema_50', 'ema_100', 'atr_pct', 'drawdown_from_peak']",0.8,0.55,"Deterministic fallback based on RSI, MACD, EMA trend, drawdown, and ATR%. ",heuristic_fallback,[],2025-09-25 00:00:00+00:00,78,109035.72
value_investing,hold,"['rsi_14', 'macd_hist', 'ema_20', 'ema_50', 'ema_100', 'atr_pct', 'drawdown_from_peak']",0.8,0.55,"Deterministic fallback based on RSI, MACD, EMA trend, drawdown, and ATR%. ",heuristic_fallback,[],2025-09-26 00:00:00+00:00,79,109697.29
value_investing,hold,"['rsi_14', 'macd_hist', 'ema_20', 'ema_50', 'ema_100', 'atr_pct', 'drawdown_from_peak']",0.4,0.55,"Deterministic fallback based on RSI, MACD, EMA trend, drawdown, and ATR%. ",heuristic_fallback,['trade_cooldown_2_of_3'],2025-09-27 00:00:00+00:00,80,109681.16
value_investing,hold,"['rsi_14', 'macd_hist', 'ema_20', 'ema_50', 'ema_100', 'atr_pct', 'drawdown_from_peak']",0.4,0.55,"Deterministic fallback based on RSI, MACD, EMA trend, drawdown, and ATR%. ",heuristic_fallback,[],2025-09-28 00:00:00+00:00,81,112197.67
value_investing,hold,"['rsi_14', 'macd_hist', 'ema_20', 'ema_50', 'ema_100', 'atr_pct', 'drawdown_from_peak']",0.4,0.55,"Deterministic fallback based on RSI, MACD, EMA trend, drawdown, and ATR%. ",heuristic_fallback,[],2025-09-29 00:00:00+00:00,82,114365.07
value_investing,hold,"['rsi_14', 'macd_hist', 'ema_20', 'ema_50', 'ema_100', 'atr_pct', 'drawdown_from_peak']",0.4,0.55,"Deterministic fallback based on RSI, MACD, EMA trend, drawdown, and ATR%. ",heuristic_fallback,[],2025-09-30 00:00:00+00:00,83,114067.71
value_investing,hold,"['rsi_14', 'macd_hist', 'ema_20', 'ema_50', 'ema_100', 'atr_pct', 'drawdown_from_peak']",0.4,0.55,"Deterministic fallback based on RSI, MACD, EMA trend, drawdown, and ATR%. ",heuristic_fallback,[],2025-10-01 00:00:00+00:00,84,118659.97
swing_trading,buy,"['rsi_14', 'macd_hist', 'ema_20', 'ema_50', 'ema_100', 'atr_pct', 'drawdown_from_peak']",0.8,0.55,"Deterministic fallback based on RSI, MACD, EMA trend, drawdown, and ATR%. ",heuristic_fallback,[],2025-10-02 00:00:00+00:00,85,120621.32
swing_trading,hold,"['rsi_14', 'macd_hist', 'ema_20', 'ema_50', 'ema_100', 'atr_pct', 'drawdown_from_peak']",0.4,0.55,"Deterministic fallback based on RSI, MACD, EMA trend, drawdown, and ATR%. ",heuristic_fallback,['trade_cooldown_1_of_3'],2025-10-03 00:00:00+00:00,86,122318.4
swing_trading,hold,"['rsi_14', 'macd_hist', 'ema_20', 'ema_50', 'ema_100', 'atr_pct', 'drawdown_from_peak']",0.4,0.55,"Deterministic fallback based on RSI, MACD, EMA trend, drawdown, and ATR%. ",heuristic_fallback,[],2025-10-04 00:00:00+00:00,87,122458.56
swing_trading,hold,"['rsi_14', 'macd_hist', 'ema_20', 'ema_50', 'ema_100', 'atr_pct', 'drawdown_from_peak']",0.4,0.55,"Deterministic fallback based on RSI, MACD, EMA trend, drawdown, and ATR%. ",heuristic_fallback,[],2025-10-05 00:00:00+00:00,88,123520.79
swing_trading,hold,"['rsi_14', 'macd_hist', 'ema_20', 'ema_50', 'ema_100', 'atr_pct', 'drawdown_from_peak']",0.4,0.55,"Deterministic fallback based on RSI, MACD, EMA trend, drawdown, and ATR%. ",heuristic_fallback,[],2025-10-06 00:00:00+00:00,89,124720.09
swing_trading,hold,"['rsi_14', 'macd_hist', 'ema_20', 'ema_50', 'ema_100', 'atr_pct', 'drawdown_from_peak']",0.3,0.55,"Deterministic fallback based on RSI, MACD, EMA trend, drawdown, and ATR%. ",heuristic_fallback,['trade_cooldown_1_of_3'],2025-10-07 00:00:00+00:00,90,121393.95
swing_trading,hold,"['rsi_14', 'macd_hist', 'ema_20', 'ema_50', 'ema_100', 'atr_pct', 'drawdown_from_peak']",0.3,0.55,"Deterministic fallback based on RSI, MACD, EMA trend, drawdown, and ATR%. ",heuristic_fallback,[],2025-10-08 00:00:00+00:00,91,123343.25
swing_trading,hold,"['rsi_14', 'macd_hist', 'ema_20', 'ema_50', 'ema_100', 'atr_pct', 'drawdown_from_peak']",0.3,0.55,"Deterministic fallback based on RSI, MACD, EMA trend, drawdown, and ATR%. ",heuristic_fallback,[],2025-10-09 00:00:00+00:00,92,121714.51
swing_trading,hold,"['rsi_14', 'macd_hist', 'ema_20', 'ema_50', 'ema_100', 'atr_pct', 'drawdown_from_peak']",0.3,0.55,"Deterministic fallback based on RSI, MACD, EMA trend, drawdown, and ATR%. ",heuristic_fallback,[],2025-10-10 00:00:00+00:00,93,112980.28
swing_trading,hold,"['rsi_14', 'macd_hist', 'ema_20', 'ema_50', 'ema_100', 'atr_pct', 'drawdown_from_peak']",0.3,0.55,"Deterministic fallback based on RSI, MACD, EMA trend, drawdown, and ATR%. ",heuristic_fallback,[],2025-10-11 00:00:00+00:00,94,110768.89
hold,hold,"['rsi_14', 'macd_hist', 'ema_20', 'ema_50', 'ema_100', 'atr_pct', 'drawdown_from_peak']",0.6,0.55,"Deterministic fallback based on RSI, MACD, EMA trend, drawdown, and ATR%. ",heuristic_fallback,[],2025-10-12 00:00:00+00:00,95,115067.98
hold,hold,"['rsi_14', 'macd_hist', 'ema_20', 'ema_50', 'ema_100', 'atr_pct', 'drawdown_from_peak']",0.6,0.55,"Deterministic fallback based on RSI, MACD, EMA trend, drawdown, and ATR%. ",heuristic_fallback,[],2025-10-13 00:00:00+00:00,96,115274.03
hold,hold,"['rsi_14', 'macd_hist', 'ema_20', 'ema_50', 'ema_100', 'atr_pct', 'drawdown_from_peak']",0.44999999999999996,0.55,"Deterministic fallback based on RSI, MACD, EMA trend, drawdown, and ATR%. ",heuristic_fallback,['medium_atr_volatility_75pct_risk'],2025-10-14 00:00:00+00:00,97,113068.0
hold,hold,"['rsi_14', 'macd_hist', 'ema_20', 'ema_50', 'ema_100', 'atr_pct', 'drawdown_from_peak']",0.33749999999999997,0.55,"Deterministic fallback based on RSI, MACD, EMA trend, drawdown, and ATR%. ",heuristic_fallback,['medium_atr_volatility_75pct_risk'],2025-10-15 00:00:00+00:00,98,110804.12
hold,hold,"['rsi_14', 'macd_hist', 'ema_20', 'ema_50', 'ema_100', 'atr_pct', 'drawdown_from_peak']",0.253125,0.55,"Deterministic fallback based on RSI, MACD, EMA trend, drawdown, and ATR%. ",heuristic_fallback,['medium_atr_volatility_75pct_risk'],2025-10-16 00:00:00+00:00,99,108198.0
value_investing,buy,"['rsi_14', 'macd_hist', 'ema_20', 'ema_50', 'ema_100', 'atr_pct', 'drawdown_from_peak']",0.30000000000000004,0.55,"Deterministic fallback based on RSI, MACD, EMA trend, drawdown, and ATR%. ",heuristic_fallback,['medium_atr_volatility_75pct_risk'],2025-10-17 00:00:00+00:00,100,106463.3
value_investing,hold,"['rsi_14', 'macd_hist', 'ema_20', 'ema_50', 'ema_100', 'atr_pct', 'drawdown_from_peak']",0.11250000000000002,0.55,"Deterministic fallback based on RSI, MACD, EMA trend, drawdown, and ATR%. ",heuristic_fallback,"['medium_atr_volatility_75pct_risk', 'trade_cooldown_1_of_3']",2025-10-18 00:00:00+00:00,101,107208.91
value_investing,hold,"['rsi_14', 'macd_hist', 'ema_20', 'ema_50', 'ema_100', 'atr_pct', 'drawdown_from_peak']",0.084375,0.55,"Deterministic fallback based on RSI, MACD, EMA trend, drawdown, and ATR%. ",heuristic_fallback,['medium_atr_volatility_75pct_risk'],2025-10-19 00:00:00+00:00,102,108676.78
value_investing,hold,"['rsi_14', 'macd_hist', 'ema_20', 'ema_50', 'ema_100', 'atr_pct', 'drawdown_from_peak']",0.07500000000000001,0.55,"Deterministic fallback based on RSI, MACD, EMA trend, drawdown, and ATR%. ",heuristic_fallback,['medium_atr_volatility_75pct_risk'],2025-10-20 00:00:00+00:00,103,110568.06
value_investing,hold,"['rsi_14', 'macd_hist', 'ema_20', 'ema_50', 'ema_100', 'atr_pct', 'drawdown_from_peak']",0.07500000000000001,0.55,"Deterministic fallback based on RSI, MACD, EMA trend, drawdown, and ATR%. ",heuristic_fallback,['medium_atr_volatility_75pct_risk'],2025-10-21 00:00:00+00:00,104,108362.27
value_investing,buy,"['rsi_14', 'macd_hist', 'ema_20', 'ema_50', 'ema_100', 'atr_pct', 'drawdown_from_peak']",0.30000000000000004,0.55,"Deterministic fallback based on RSI, MACD, EMA trend, drawdown, and ATR%. ",heuristic_fallback,['medium_atr_volatility_75pct_risk'],2025-10-22 00:00:00+00:00,105,107585.98
value_investing,buy,"['rsi_14', 'macd_hist', 'ema_20', 'ema_50', 'ema_100', 'atr_pct', 'drawdown_from_peak']",0.22500000000000003,0.55,"Deterministic fallback based on RSI, MACD, EMA trend, drawdown, and ATR%. ",heuristic_fallback,['medium_atr_volatility_75pct_risk'],2025-10-23 00:00:00+00:00,106,110116.03
value_investing,buy,"['rsi_14', 'macd_hist', 'ema_20', 'ema_50', 'ema_100', 'atr_pct', 'drawdown_from_peak']",0.22500000000000003,0.55,"Deterministic fallback based on RSI, MACD, EMA trend, drawdown, and ATR%. ",heuristic_fallback,[],2025-10-24 00:00:00+00:00,107,111042.13
value_investing,buy,"['rsi_14', 'macd_hist', 'ema_20', 'ema_50', 'ema_100', 'atr_pct', 'drawdown_from_peak']",0.22500000000000003,0.55,"Deterministic fallback based on RSI, MACD, EMA trend, drawdown, and ATR%. ",heuristic_fallback,[],2025-10-25 00:00:00+00:00,108,111666.21
value_investing,buy,"['rsi_14', 'macd_hist', 'ema_20', 'ema_50', 'ema_100', 'atr_pct', 'drawdown_from_peak']",0.22500000000000003,0.55,"Deterministic fallback based on RSI, MACD, EMA trend, drawdown, and ATR%. ",heuristic_fallback,[],2025-10-26 00:00:00+00:00,109,114548.09
hold,hold,"['rsi_14', 'macd_hist', 'ema_20', 'ema_50', 'ema_100', 'atr_pct', 'drawdown_from_peak']",0.6,0.55,"Deterministic fallback based on RSI, MACD, EMA trend, drawdown, and ATR%. ",heuristic_fallback,[],2025-10-27 00:00:00+00:00,110,114087.06
hold,hold,"['rsi_14', 'macd_hist', 'ema_20', 'ema_50', 'ema_100', 'atr_pct', 'drawdown_from_peak']",0.6,0.55,"Deterministic fallback based on RSI, MACD, EMA trend, drawdown, and ATR%. ",heuristic_fallback,[],2025-10-28 00:00:00+00:00,111,112906.75
hold,hold,"['rsi_14', 'macd_hist', 'ema_20', 'ema_50', 'ema_100', 'atr_pct', 'drawdown_from_peak']",0.6,0.55,"Deterministic fallback based on RSI, MACD, EMA trend, drawdown, and ATR%. ",heuristic_fallback,[],2025-10-29 00:00:00+00:00,112,110032.13
hold,hold,"['rsi_14', 'macd_hist', 'ema_20', 'ema_50', 'ema_100', 'atr_pct', 'drawdown_from_peak']",0.6,0.55,"Deterministic fallback based on RSI, MACD, EMA trend, drawdown, and ATR%. ",heuristic_fallback,[],2025-10-30 00:00:00+00:00,113,108308.18
hold,hold,"['rsi_14', 'macd_hist', 'ema_20', 'ema_50', 'ema_100', 'atr_pct', 'drawdown_from_peak']",0.6,0.55,"Deterministic fallback based on RSI, MACD, EMA trend, drawdown, and ATR%. ",heuristic_fallback,[],2025-10-31 00:00:00+00:00,114,109555.27
value_investing,hold,"['rsi_14', 'macd_hist', 'ema_20', 'ema_50', 'ema_100', 'atr_pct', 'drawdown_from_peak']",0.6,0.55,"Deterministic fallback based on RSI, MACD, EMA trend, drawdown, and ATR%. ",heuristic_fallback,[],2025-11-01 00:00:00+00:00,115,110052.25
value_investing,hold,"['rsi_14', 'macd_hist', 'ema_20', 'ema_50', 'ema_100', 'atr_pct', 'drawdown_from_peak']",0.6,0.55,"Deterministic fallback based on RSI, MACD, EMA trend, drawdown, and ATR%. ",heuristic_fallback,[],2025-11-02 00:00:00+00:00,116,110536.01
value_investing,hold,"['rsi_14', 'macd_hist', 'ema_20', 'ema_50', 'ema_100', 'atr_pct', 'drawdown_from_peak']",0.6,0.55,"Deterministic fallback based on RSI, MACD, EMA trend, drawdown, and ATR%. ",heuristic_fallback,[],2025-11-03 00:00:00+00:00,117,106557.98
value_investing,hold,"['rsi_14', 'macd_hist', 'ema_20', 'ema_50', 'ema_100', 'atr_pct', 'drawdown_from_peak']",0.6,0.55,"Deterministic fallback based on RSI, MACD, EMA trend, drawdown, and ATR%. ",heuristic_fallback,[],2025-11-04 00:00:00+00:00,118,101468.15
value_investing,hold,"['rsi_14', 'macd_hist', 'ema_20', 'ema_50', 'ema_100', 'atr_pct', 'drawdown_from_peak']",0.6,0.55,"Deterministic fallback based on RSI, MACD, EMA trend, drawdown, and ATR%. ",heuristic_fallback,[],2025-11-05 00:00:00+00:00,119,103869.0
value_investing,hold,"['rsi_14', 'macd_hist', 'ema_20', 'ema_50', 'ema_100', 'atr_pct', 'drawdown_from_peak']",0.3,0.55,"Deterministic fallback based on RSI, MACD, EMA trend, drawdown, and ATR%. ",heuristic_fallback,['trade_cooldown_2_of_3'],2025-11-06 00:00:00+00:00,120,101290.5
value_investing,hold,"['rsi_14', 'macd_hist', 'ema_20', 'ema_50', 'ema_100', 'atr_pct', 'drawdown_from_peak']",0.3,0.55,"Deterministic fallback based on RSI, MACD, EMA trend, drawdown, and ATR%. ",heuristic_fallback,[],2025-11-07 00:00:00+00:00,121,103284.27
value_investing,hold,"['rsi_14', 'macd_hist', 'ema_20', 'ema_50', 'ema_100', 'atr_pct', 'drawdown_from_peak']",0.22499999999999998,0.55,"Deterministic fallback based on RSI, MACD, EMA trend, drawdown, and ATR%. ",heuristic_fallback,['medium_atr_volatility_75pct_risk'],2025-11-08 00:00:00+00:00,122,102285.57
value_investing,hold,"['rsi_14', 'macd_hist', 'ema_20', 'ema_50', 'ema_100', 'atr_pct', 'drawdown_from_peak']",0.22499999999999998,0.55,"Deterministic fallback based on RSI, MACD, EMA trend, drawdown, and ATR%. ",heuristic_fallback,[],2025-11-09 00:00:00+00:00,123,104694.95
value_investing,hold,"['rsi_14', 'macd_hist', 'ema_20', 'ema_50', 'ema_100', 'atr_pct', 'drawdown_from_peak']",0.22499999999999998,0.55,"Deterministic fallback based on RSI, MACD, EMA trend, drawdown, and ATR%. ",heuristic_fallback,[],2025-11-10 00:00:00+00:00,124,105979.38
value_investing,buy,"['rsi_14', 'macd_hist', 'ema_20', 'ema_50', 'ema_100', 'atr_pct', 'drawdown_from_peak']",0.30000000000000004,0.55,"Deterministic fallback based on RSI, MACD, EMA trend, drawdown, and ATR%. ",heuristic_fallback,['medium_atr_volatility_75pct_risk'],2025-11-11 00:00:00+00:00,125,103009.35
value_investing,buy,"['rsi_14', 'macd_hist', 'ema_20', 'ema_50', 'ema_100', 'atr_pct', 'drawdown_from_peak']",0.22500000000000003,0.55,"Deterministic fallback based on RSI, MACD, EMA trend, drawdown, and ATR%. ",heuristic_fallback,['medium_atr_volatility_75pct_risk'],2025-11-12 00:00:00+00:00,126,101639.01
value_investing,hold,"['rsi_14', 'macd_hist', 'ema_20', 'ema_50', 'ema_100', 'atr_pct', 'drawdown_from_peak']",0.084375,0.55,"Deterministic fallback based on RSI, MACD, EMA trend, drawdown, and ATR%. ",heuristic_fallback,"['medium_atr_volatility_75pct_risk', 'trade_cooldown_1_of_3']",2025-11-13 00:00:00+00:00,127,99614.54
value_investing,hold,"['rsi_14', 'macd_hist', 'ema_20', 'ema_50', 'ema_100', 'atr_pct', 'drawdown_from_peak']",0.07500000000000001,0.55,"Deterministic fallback based on RSI, MACD, EMA trend, drawdown, and ATR%. ",heuristic_fallback,['medium_atr_volatility_75pct_risk'],2025-11-14 00:00:00+00:00,128,94503.96
value_investing,hold,"['rsi_14', 'macd_hist', 'ema_20', 'ema_50', 'ema_100', 'atr_pct', 'drawdown_from_peak']",0.07500000000000001,0.55,"Deterministic fallback based on RSI, MACD, EMA trend, drawdown, and ATR%. ",heuristic_fallback,['medium_atr_volatility_75pct_risk'],2025-11-15 00:00:00+00:00,129,95544.94
value_investing,hold,"['rsi_14', 'macd_hist', 'ema_20', 'ema_50', 'ema_100', 'atr_pct', 'drawdown_from_peak']",0.15000000000000002,0.55,"Deterministic fallback based on RSI, MACD, EMA trend, drawdown, and ATR%. ",heuristic_fallback,"['medium_atr_volatility_75pct_risk', 'trade_cooldown_2_of_3']",2025-11-16 00:00:00+00:00,130,94183.97
value_investing,hold,"['rsi_14', 'macd_hist', 'ema_20', 'ema_50', 'ema_100', 'atr_pct', 'drawdown_from_peak']",0.11250000000000002,0.55,"Deterministic fallback based on RSI, MACD, EMA trend, drawdown, and ATR%. ",heuristic_fallback,['medium_atr_volatility_75pct_risk'],2025-11-17 00:00:00+00:00,131,92100.6
value_investing,hold,"['rsi_14', 'macd_hist', 'ema_20', 'ema_50', 'ema_100', 'atr_pct', 'drawdown_from_peak']",0.084375,0.55,"Deterministic fallback based on RSI, MACD, EMA trend, drawdown, and ATR%. ",heuristic_fallback,['medium_atr_volatility_75pct_risk'],2025-11-18 00:00:00+00:00,132,92914.46
value_investing,hold,"['rsi_14', 'macd_hist', 'ema_20', 'ema_50', 'ema_100', 'atr_pct', 'drawdown_from_peak']",0.07500000000000001,0.55,"Deterministic fallback based on RSI, MACD, EMA trend, drawdown, and ATR%. ",heuristic_fallback,['medium_atr_volatility_75pct_risk'],2025-11-19 00:00:00+00:00,133,91461.6
value_investing,hold,"['rsi_14', 'macd_hist', 'ema_20', 'ema_50', 'ema_100', 'atr_pct', 'drawdown_from_peak']",0.07500000000000001,0.55,"Deterministic fallback based on RSI, MACD, EMA trend, drawdown, and ATR%. ",heuristic_fallback,['medium_atr_volatility_75pct_risk'],2025-11-20 00:00:00+00:00,134,86536.88
value_investing,hold,"['rsi_14', 'macd_hist', 'ema_20', 'ema_50', 'ema_100', 'atr_pct', 'drawdown_from_peak']",0.15000000000000002,0.55,"Deterministic fallback based on RSI, MACD, EMA trend, drawdown, and ATR%. ",heuristic_fallback,"['medium_atr_volatility_75pct_risk', 'trade_cooldown_1_of_3']",2025-11-21 00:00:00+00:00,135,85068.88
value_investing,hold,"['rsi_14', 'macd_hist', 'ema_20', 'ema_50', 'ema_100', 'atr_pct', 'drawdown_from_peak']",0.11250000000000002,0.55,"Deterministic fallback based on RSI, MACD, EMA trend, drawdown, and ATR%. ",heuristic_fallback,['medium_atr_volatility_75pct_risk'],2025-11-22 00:00:00+00:00,136,84684.0
value_investing,hold,"['rsi_14', 'macd_hist', 'ema_20', 'ema_50', 'ema_100', 'atr_pct', 'drawdown_from_peak']",0.084375,0.55,"Deterministic fallback based on RSI, MACD, EMA trend, drawdown, and ATR%. ",heuristic_fallback,['medium_atr_volatility_75pct_risk'],2025-11-23 00:00:00+00:00,137,86808.28
value_investing,hold,"['rsi_14', 'macd_hist', 'ema_20', 'ema_50', 'ema_100', 'atr_pct', 'drawdown_from_peak']",0.07500000000000001,0.55,"Deterministic fallback based on RSI, MACD, EMA trend, drawdown, and ATR%. ",heuristic_fallback,['medium_atr_volatility_75pct_risk'],2025-11-24 00:00:00+00:00,138,88266.2
value_investing,hold,"['rsi_14', 'macd_hist', 'ema_20', 'ema_50', 'ema_100', 'atr_pct', 'drawdown_from_peak']",0.07500000000000001,0.55,"Deterministic fallback based on RSI, MACD, EMA trend, drawdown, and ATR%. ",heuristic_fallback,['medium_atr_volatility_75pct_risk'],2025-11-25 00:00:00+00:00,139,87325.01
value_investing,buy,"['rsi_14', 'macd_hist', 'ema_20', 'ema_50', 'ema_100', 'atr_pct', 'drawdown_from_peak']",0.30000000000000004,0.55,"Deterministic fallback based on RSI, MACD, EMA trend, drawdown, and ATR%. ",heuristic_fallback,['medium_atr_volatility_75pct_risk'],2025-11-26 00:00:00+00:00,140,90468.84
value_investing,buy,"['rsi_14', 'macd_hist', 'ema_20', 'ema_50', 'ema_100', 'atr_pct', 'drawdown_from_peak']",0.22500000000000003,0.55,"Deterministic fallback based on RSI, MACD, EMA trend, drawdown, and ATR%. ",heuristic_fallback,['medium_atr_volatility_75pct_risk'],2025-11-27 00:00:00+00:00,141,91316.7
value_investing,buy,"['rsi_14', 'macd_hist', 'ema_20', 'ema_50', 'ema_100', 'atr_pct', 'drawdown_from_peak']",0.16875,0.55,"Deterministic fallback based on RSI, MACD, EMA trend, drawdown, and ATR%. ",heuristic_fallback,['medium_atr_volatility_75pct_risk'],2025-11-28 00:00:00+00:00,142,90902.7
value_investing,buy,"['rsi_14', 'macd_hist', 'ema_20', 'ema_50', 'ema_100', 'atr_pct', 'drawdown_from_peak']",0.12656250000000002,0.55,"Deterministic fallback based on RSI, MACD, EMA trend, drawdown, and ATR%. ",heuristic_fallback,['medium_atr_volatility_75pct_risk'],2025-11-29 00:00:00+00:00,143,90828.06
value_investing,buy,"['rsi_14', 'macd_hist', 'ema_20', 'ema_50', 'ema_100', 'atr_pct', 'drawdown_from_peak']",0.09492187500000002,0.55,"Deterministic fallback based on RSI, MACD, EMA trend, drawdown, and ATR%. ",heuristic_fallback,['medium_atr_volatility_75pct_risk'],2025-11-30 00:00:00+00:00,144,90369.51
value_investing,buy,"['rsi_14', 'macd_hist', 'ema_20', 'ema_50', 'ema_100', 'atr_pct', 'drawdown_from_peak']",0.30000000000000004,0.55,"Deterministic fallback based on RSI, MACD, EMA trend, drawdown, and ATR%. ",heuristic_fallback,['medium_atr_volatility_75pct_risk'],2025-12-01 00:00:00+00:00,145,86282.36
value_investing,hold,"['rsi_14', 'macd_hist', 'ema_20', 'ema_50', 'ema_100', 'atr_pct', 'drawdown_from_peak']",0.11250000000000002,0.55,"Deterministic fallback based on RSI, MACD, EMA trend, drawdown, and ATR%. ",heuristic_fallback,"['medium_atr_volatility_75pct_risk', 'trade_cooldown_1_of_3']",2025-12-02 00:00:00+00:00,146,91308.05
value_investing,hold,"['rsi_14', 'macd_hist', 'ema_20', 'ema_50', 'ema_100', 'atr_pct', 'drawdown_from_peak']",0.084375,0.55,"Deterministic fallback based on RSI, MACD, EMA trend, drawdown, and ATR%. ",heuristic_fallback,['medium_atr_volatility_75pct_risk'],2025-12-03 00:00:00+00:00,147,93453.84
value_investing,hold,"['rsi_14', 'macd_hist', 'ema_20', 'ema_50', 'ema_100', 'atr_pct', 'drawdown_from_peak']",0.1,0.55,"Deterministic fallback based on RSI, MACD, EMA trend, drawdown, and ATR%. ",heuristic_fallback,[],2025-12-04 00:00:00+00:00,148,92093.54
value_investing,hold,"['rsi_14', 'macd_hist', 'ema_20', 'ema_50', 'ema_100', 'atr_pct', 'drawdown_from_peak']",0.1,0.55,"Deterministic fallback based on RSI, MACD, EMA trend, drawdown, and ATR%. ",heuristic_fallback,[],2025-12-05 00:00:00+00:00,149,89345.29
value_investing,hold,"['rsi_14', 'macd_hist', 'ema_20', 'ema_50', 'ema_100', 'atr_pct', 'drawdown_from_peak']",0.6,0.55,"Deterministic fallback based on RSI, MACD, EMA trend, drawdown, and ATR%. ",heuristic_fallback,[],2025-12-06 00:00:00+00:00,150,89267.97
value_investing,hold,"['rsi_14', 'macd_hist', 'ema_20', 'ema_50', 'ema_100', 'atr_pct', 'drawdown_from_peak']",0.6,0.55,"Deterministic fallback based on RSI, MACD, EMA trend, drawdown, and ATR%. ",heuristic_fallback,[],2025-12-07 00:00:00+00:00,151,90402.29
value_investing,hold,"['rsi_14', 'macd_hist', 'ema_20', 'ema_50', 'ema_100', 'atr_pct', 'drawdown_from_peak']",0.6,0.55,"Deterministic fallback based on RSI, MACD, EMA trend, drawdown, and ATR%. ",heuristic_fallback,[],2025-12-08 00:00:00+00:00,152,90653.86
value_investing,hold,"['rsi_14', 'macd_hist', 'ema_20', 'ema_50', 'ema_100', 'atr_pct', 'drawdown_from_peak']",0.6,0.55,"Deterministic fallback based on RSI, MACD, EMA trend, drawdown, and ATR%. ",heuristic_fallback,[],2025-12-09 00:00:00+00:00,153,92690.0
value_investing,hold,"['rsi_14', 'macd_hist', 'ema_20', 'ema_50', 'ema_100', 'atr_pct', 'drawdown_from_peak']",0.6,0.55,"Deterministic fallback based on RSI, MACD, EMA trend, drawdown, and ATR%. ",heuristic_fallback,[],2025-12-10 00:00:00+00:00,154,92035.99
value_investing,hold,"['rsi_14', 'macd_hist', 'ema_20', 'ema_50', 'ema_100', 'atr_pct', 'drawdown_from_peak']",0.6,0.55,"Deterministic fallback based on RSI, MACD, EMA trend, drawdown, and ATR%. ",heuristic_fallback,[],2025-12-11 00:00:00+00:00,155,92542.0
value_investing,hold,"['rsi_14', 'macd_hist', 'ema_20', 'ema_50', 'ema_100', 'atr_pct', 'drawdown_from_peak']",0.6,0.55,"Deterministic fallback based on RSI, MACD, EMA trend, drawdown, and ATR%. ",heuristic_fallback,[],2025-12-12 00:00:00+00:00,156,90278.0
value_investing,hold,"['rsi_14', 'macd_hist', 'ema_20', 'ema_50', 'ema_100', 'atr_pct', 'drawdown_from_peak']",0.6,0.55,"Deterministic fallback based on RSI, MACD, EMA trend, drawdown, and ATR%. ",heuristic_fallback,[],2025-12-13 00:00:00+00:00,157,90255.32
value_investing,hold,"['rsi_14', 'macd_hist', 'ema_20', 'ema_50', 'ema_100', 'atr_pct', 'drawdown_from_peak']",0.44999999999999996,0.55,"Deterministic fallback based on RSI, MACD, EMA trend, drawdown, and ATR%. ",heuristic_fallback,['medium_atr_volatility_75pct_risk'],2025-12-14 00:00:00+00:00,158,88171.61
value_investing,hold,"['rsi_14', 'macd_hist', 'ema_20', 'ema_50', 'ema_100', 'atr_pct', 'drawdown_from_peak']",0.33749999999999997,0.55,"Deterministic fallback based on RSI, MACD, EMA trend, drawdown, and ATR%. ",heuristic_fallback,['medium_atr_volatility_75pct_risk'],2025-12-15 00:00:00+00:00,159,86417.5
value_investing,hold,"['rsi_14', 'macd_hist', 'ema_20', 'ema_50', 'ema_100', 'atr_pct', 'drawdown_from_peak']",0.3,0.55,"Deterministic fallback based on RSI, MACD, EMA trend, drawdown, and ATR%. ",heuristic_fallback,['trade_cooldown_2_of_3'],2025-12-16 00:00:00+00:00,160,87854.01
value_investing,hold,"['rsi_14', 'macd_hist', 'ema_20', 'ema_50', 'ema_100', 'atr_pct', 'drawdown_from_peak']",0.22499999999999998,0.55,"Deterministic fallback based on RSI, MACD, EMA trend, drawdown, and ATR%. ",heuristic_fallback,['medium_atr_volatility_75pct_risk'],2025-12-17 00:00:00+00:00,161,86209.77
value_investing,hold,"['rsi_14', 'macd_hist', 'ema_20', 'ema_50', 'ema_100', 'atr_pct', 'drawdown_from_peak']",0.16874999999999998,0.55,"Deterministic fallback based on RSI, MACD, EMA trend, drawdown, and ATR%. ",heuristic_fallback,['medium_atr_volatility_75pct_risk'],2025-12-18 00:00:00+00:00,162,85460.02
value_investing,hold,"['rsi_14', 'macd_hist', 'ema_20', 'ema_50', 'ema_100', 'atr_pct', 'drawdown_from_peak']",0.1265625,0.55,"Deterministic fallback based on RSI, MACD, EMA trend, drawdown, and ATR%. ",heuristic_fallback,['medium_atr_volatility_75pct_risk'],2025-12-19 00:00:00+00:00,163,88092.65
value_investing,hold,"['rsi_14', 'macd_hist', 'ema_20', 'ema_50', 'ema_100', 'atr_pct', 'drawdown_from_peak']",0.1265625,0.55,"Deterministic fallback based on RSI, MACD, EMA trend, drawdown, and ATR%. ",heuristic_fallback,[],2025-12-20 00:00:00+00:00,164,88324.0
value_investing,buy,"['rsi_14', 'macd_hist', 'ema_20', 'ema_50', 'ema_100', 'atr_pct', 'drawdown_from_peak']",0.6,0.55,"Deterministic fallback based on RSI, MACD, EMA trend, drawdown, and ATR%. ",heuristic_fallback,[],2025-12-21 00:00:00+00:00,165,88639.95
value_investing,buy,"['rsi_14', 'macd_hist', 'ema_20', 'ema_50', 'ema_100', 'atr_pct', 'drawdown_from_peak']",0.6,0.55,"Deterministic fallback based on RSI, MACD, EMA trend, drawdown, and ATR%. ",heuristic_fallback,[],2025-12-22 00:00:00+00:00,166,88556.77
value_investing,buy,"['rsi_14', 'macd_hist', 'ema_20', 'ema_50', 'ema_100', 'atr_pct', 'drawdown_from_peak']",0.6,0.55,"Deterministic fallback based on RSI, MACD, EMA trend, drawdown, and ATR%. ",heuristic_fallback,[],2025-12-23 00:00:00+00:00,167,87429.32
value_investing,buy,"['rsi_14', 'macd_hist', 'ema_20', 'ema_50', 'ema_100', 'atr_pct', 'drawdown_from_peak']",0.6,0.55,"Deterministic fallback based on RSI, MACD, EMA trend, drawdown, and ATR%. ",heuristic_fallback,[],2025-12-24 00:00:00+00:00,168,87609.03
value_investing,buy,"['rsi_14', 'macd_hist', 'ema_20', 'ema_50', 'ema_100', 'atr_pct', 'drawdown_from_peak']",0.6,0.55,"Deterministic fallback based on RSI, MACD, EMA trend, drawdown, and ATR%. ",heuristic_fallback,[],2025-12-25 00:00:00+00:00,169,87171.68
value_investing,buy,"['rsi_14', 'macd_hist', 'ema_20', 'ema_50', 'ema_100', 'atr_pct', 'drawdown_from_peak']",0.6,0.55,"Deterministic fallback based on RSI, MACD, EMA trend, drawdown, and ATR%. ",heuristic_fallback,[],2025-12-26 00:00:00+00:00,170,87296.01
value_investing,buy,"['rsi_14', 'macd_hist', 'ema_20', 'ema_50', 'ema_100', 'atr_pct', 'drawdown_from_peak']",0.6,0.55,"Deterministic fallback based on RSI, MACD, EMA trend, drawdown, and ATR%. ",heuristic_fallback,[],2025-12-27 00:00:00+00:00,171,87808.0
value_investing,buy,"['rsi_14', 'macd_hist', 'ema_20', 'ema_50', 'ema_100', 'atr_pct', 'drawdown_from_peak']",0.6,0.55,"Deterministic fallback based on RSI, MACD, EMA trend, drawdown, and ATR%. ",heuristic_fallback,[],2025-12-28 00:00:00+00:00,172,87877.29
value_investing,buy,"['rsi_14', 'macd_hist', 'ema_20', 'ema_50', 'ema_100', 'atr_pct', 'drawdown_from_peak']",0.6,0.55,"Deterministic fallback based on RSI, MACD, EMA trend, drawdown, and ATR%. ",heuristic_fallback,[],2025-12-29 00:00:00+00:00,173,87110.78
value_investing,buy,"['rsi_14', 'macd_hist', 'ema_20', 'ema_50', 'ema_100', 'atr_pct', 'drawdown_from_peak']",0.6,0.55,"Deterministic fallback based on RSI, MACD, EMA trend, drawdown, and ATR%. ",heuristic_fallback,[],2025-12-30 00:00:00+00:00,174,88397.5
value_investing,hold,"['rsi_14', 'macd_hist', 'ema_20', 'ema_50', 'ema_100', 'atr_pct', 'drawdown_from_peak']",0.6,0.55,"Deterministic fallback based on RSI, MACD, EMA trend, drawdown, and ATR%. ",heuristic_fallback,[],2025-12-31 00:00:00+00:00,175,87497.94
value_investing,hold,"['rsi_14', 'macd_hist', 'ema_20', 'ema_50', 'ema_100', 'atr_pct', 'drawdown_from_peak']",0.6,0.55,"Deterministic fallback based on RSI, MACD, EMA trend, drawdown, and ATR%. ",heuristic_fallback,[],2026-01-01 00:00:00+00:00,176,88738.34
value_investing,hold,"['rsi_14', 'macd_hist', 'ema_20', 'ema_50', 'ema_100', 'atr_pct', 'drawdown_from_peak']",0.6,0.55,"Deterministic fallback based on RSI, MACD, EMA trend, drawdown, and ATR%. ",heuristic_fallback,[],2026-01-02 00:00:00+00:00,177,89957.99
value_investing,hold,"['rsi_14', 'macd_hist', 'ema_20', 'ema_50', 'ema_100', 'atr_pct', 'drawdown_from_peak']",0.6,0.55,"Deterministic fallback based on RSI, MACD, EMA trend, drawdown, and ATR%. ",heuristic_fallback,[],2026-01-03 00:00:00+00:00,178,90598.02
value_investing,hold,"['rsi_14', 'macd_hist', 'ema_20', 'ema_50', 'ema_100', 'atr_pct', 'drawdown_from_peak']",0.6,0.55,"Deterministic fallback based on RSI, MACD, EMA trend, drawdown, and ATR%. ",heuristic_fallback,[],2026-01-04 00:00:00+00:00,179,91494.0
value_investing,hold,"['rsi_14', 'macd_hist', 'ema_20', 'ema_50', 'ema_100', 'atr_pct', 'drawdown_from_peak']",0.8,0.55,"Deterministic fallback based on RSI, MACD, EMA trend, drawdown, and ATR%. ",heuristic_fallback,[],2026-01-05 00:00:00+00:00,180,93870.06
value_investing,hold,"['rsi_14', 'macd_hist', 'ema_20', 'ema_50', 'ema_100', 'atr_pct', 'drawdown_from_peak']",0.8,0.55,"Deterministic fallback based on RSI, MACD, EMA trend, drawdown, and ATR%. ",heuristic_fallback,[],2026-01-06 00:00:00+00:00,181,93722.01
value_investing,hold,"['rsi_14', 'macd_hist', 'ema_20', 'ema_50', 'ema_100', 'atr_pct', 'drawdown_from_peak']",0.8,0.55,"Deterministic fallback based on RSI, MACD, EMA trend, drawdown, and ATR%. ",heuristic_fallback,[],2026-01-07 00:00:00+00:00,182,91279.73
value_investing,hold,"['rsi_14', 'macd_hist', 'ema_20', 'ema_50', 'ema_100', 'atr_pct', 'drawdown_from_peak']",0.8,0.55,"Deterministic fallback based on RSI, MACD, EMA trend, drawdown, and ATR%. ",heuristic_fallback,[],2026-01-08 00:00:00+00:00,183,91026.0
value_investing,hold,"['rsi_14', 'macd_hist', 'ema_20', 'ema_50', 'ema_100', 'atr_pct', 'drawdown_from_peak']",0.8,0.55,"Deterministic fallback based on RSI, MACD, EMA trend, drawdown, and ATR%. ",heuristic_fallback,[],2026-01-09 00:00:00+00:00,184,90515.45
value_investing,hold,"['rsi_14', 'macd_hist', 'ema_20', 'ema_50', 'ema_100', 'atr_pct', 'drawdown_from_peak']",0.8,0.55,"Deterministic fallback based on RSI, MACD, EMA trend, drawdown, and ATR%. ",heuristic_fallback,[],2026-01-10 00:00:00+00:00,185,90385.54
value_investing,hold,"['rsi_14', 'macd_hist', 'ema_20', 'ema_50', 'ema_100', 'atr_pct', 'drawdown_from_peak']",0.8,0.55,"Deterministic fallback based on RSI, MACD, EMA trend, drawdown, and ATR%. ",heuristic_fallback,[],2026-01-11 00:00:00+00:00,186,90872.01
value_investing,hold,"['rsi_14', 'macd_hist', 'ema_20', 'ema_50', 'ema_100', 'atr_pct', 'drawdown_from_peak']",0.8,0.55,"Deterministic fallback based on RSI, MACD, EMA trend, drawdown, and ATR%. ",heuristic_fallback,[],2026-01-12 00:00:00+00:00,187,91188.09
value_investing,hold,"['rsi_14', 'macd_hist', 'ema_20', 'ema_50', 'ema_100', 'atr_pct', 'drawdown_from_peak']",0.8,0.55,"Deterministic fallback based on RSI, MACD, EMA trend, drawdown, and ATR%. ",heuristic_fallback,[],2026-01-13 00:00:00+00:00,188,95384.23
value_investing,hold,"['rsi_14', 'macd_hist', 'ema_20', 'ema_50', 'ema_100', 'atr_pct', 'drawdown_from_peak']",0.8,0.55,"Deterministic fallback based on RSI, MACD, EMA trend, drawdown, and ATR%. ",heuristic_fallback,[],2026-01-14 00:00:00+00:00,189,96955.16
value_investing,hold,"['rsi_14', 'macd_hist', 'ema_20', 'ema_50', 'ema_100', 'atr_pct', 'drawdown_from_peak']",0.6,0.55,"Deterministic fallback based on RSI, MACD, EMA trend, drawdown, and ATR%. ",heuristic_fallback,[],2026-01-15 00:00:00+00:00,190,95587.65
value_investing,hold,"['rsi_14', 'macd_hist', 'ema_20', 'ema_50', 'ema_100', 'atr_pct', 'drawdown_from_peak']",0.6,0.55,"Deterministic fallback based on RSI, MACD, EMA trend, drawdown, and ATR%. ",heuristic_fallback,[],2026-01-16 00:00:00+00:00,191,95504.0
value_investing,hold,"['rsi_14', 'macd_hist', 'ema_20', 'ema_50', 'ema_100', 'atr_pct', 'drawdown_from_peak']",0.6,0.55,"Deterministic fallback based on RSI, MACD, EMA trend, drawdown, and ATR%. ",heuristic_fallback,[],2026-01-17 00:00:00+00:00,192,95109.99
value_investing,hold,"['rsi_14', 'macd_hist', 'ema_20', 'ema_50', 'ema_100', 'atr_pct', 'drawdown_from_peak']",0.6,0.55,"Deterministic fallback based on RSI, MACD, EMA trend, drawdown, and ATR%. ",heuristic_fallback,[],2026-01-18 00:00:00+00:00,193,93633.53
value_investing,hold,"['rsi_14', 'macd_hist', 'ema_20', 'ema_50', 'ema_100', 'atr_pct', 'drawdown_from_peak']",0.6,0.55,"Deterministic fallback based on RSI, MACD, EMA trend, drawdown, and ATR%. ",heuristic_fallback,[],2026-01-19 00:00:00+00:00,194,92559.66
value_investing,hold,"['rsi_14', 'macd_hist', 'ema_20', 'ema_50', 'ema_100', 'atr_pct', 'drawdown_from_peak']",0.3,0.55,"Deterministic fallback based on RSI, MACD, EMA trend, drawdown, and ATR%. ",heuristic_fallback,['trade_cooldown_2_of_3'],2026-01-20 00:00:00+00:00,195,88310.6
value_investing,hold,"['rsi_14', 'macd_hist', 'ema_20', 'ema_50', 'ema_100', 'atr_pct', 'drawdown_from_peak']",0.3,0.55,"Deterministic fallback based on RSI, MACD, EMA trend, drawdown, and ATR%. ",heuristic_fallback,[],2026-01-21 00:00:00+00:00,196,89363.71
value_investing,hold,"['rsi_14', 'macd_hist', 'ema_20', 'ema_50', 'ema_100', 'atr_pct', 'drawdown_from_peak']",0.3,0.55,"Deterministic fallback based on RSI, MACD, EMA trend, drawdown, and ATR%. ",heuristic_fallback,[],2026-01-22 00:00:00+00:00,197,89463.5
value_investing,hold,"['rsi_14', 'macd_hist', 'ema_20', 'ema_50', 'ema_100', 'atr_pct', 'drawdown_from_peak']",0.3,0.55,"Deterministic fallback based on RSI, MACD, EMA trend, drawdown, and ATR%. ",heuristic_fallback,[],2026-01-23 00:00:00+00:00,198,89474.93
value_investing,hold,"['rsi_14', 'macd_hist', 'ema_20', 'ema_50', 'ema_100', 'atr_pct', 'drawdown_from_peak']",0.3,0.55,"Deterministic fallback based on RSI, MACD, EMA trend, drawdown, and ATR%. ",heuristic_fallback,[],2026-01-24 00:00:00+00:00,199,89082.17
value_investing,buy,"['rsi_14', 'macd_hist', 'ema_20', 'ema_50', 'ema_100', 'atr_pct', 'drawdown_from_peak']",0.6,0.55,"Deterministic fallback based on RSI, MACD, EMA trend, drawdown, and ATR%. ",heuristic_fallback,[],2026-01-25 00:00:00+00:00,200,86561.94
value_investing,hold,"['rsi_14', 'macd_hist', 'ema_20', 'ema_50', 'ema_100', 'atr_pct', 'drawdown_from_peak']",0.3,0.55,"Deterministic fallback based on RSI, MACD, EMA trend, drawdown, and ATR%. ",heuristic_fallback,['trade_cooldown_1_of_3'],2026-01-26 00:00:00+00:00,201,88250.01
value_investing,hold,"['rsi_14', 'macd_hist', 'ema_20', 'ema_50', 'ema_100', 'atr_pct', 'drawdown_from_peak']",0.3,0.55,"Deterministic fallback based on RSI, MACD, EMA trend, drawdown, and ATR%. ",heuristic_fallback,[],2026-01-27 00:00:00+00:00,202,89116.96
value_investing,hold,"['rsi_14', 'macd_hist', 'ema_20', 'ema_50', 'ema_100', 'atr_pct', 'drawdown_from_peak']",0.3,0.55,"Deterministic fallback based on RSI, MACD, EMA trend, drawdown, and ATR%. ",heuristic_fallback,[],2026-01-28 00:00:00+00:00,203,89162.4
value_investing,hold,"['rsi_14', 'macd_hist', 'ema_20', 'ema_50', 'ema_100', 'atr_pct', 'drawdown_from_peak']",0.3,0.55,"Deterministic fallback based on RSI, MACD, EMA trend, drawdown, and ATR%. ",heuristic_fallback,[],2026-01-29 00:00:00+00:00,204,84513.2
value_investing,hold,"['rsi_14', 'macd_hist', 'ema_20', 'ema_50', 'ema_100', 'atr_pct', 'drawdown_from_peak']",0.3,0.55,"Deterministic fallback based on RSI, MACD, EMA trend, drawdown, and ATR%. ",heuristic_fallback,['trade_cooldown_1_of_3'],2026-01-30 00:00:00+00:00,205,84110.99
value_investing,hold,"['rsi_14', 'macd_hist', 'ema_20', 'ema_50', 'ema_100', 'atr_pct', 'drawdown_from_peak']",0.22499999999999998,0.55,"Deterministic fallback based on RSI, MACD, EMA trend, drawdown, and ATR%. ",heuristic_fallback,['medium_atr_volatility_75pct_risk'],2026-01-31 00:00:00+00:00,206,78648.0
value_investing,hold,"['rsi_14', 'macd_hist', 'ema_20', 'ema_50', 'ema_100', 'atr_pct', 'drawdown_from_peak']",0.16874999999999998,0.55,"Deterministic fallback based on RSI, MACD, EMA trend, drawdown, and ATR%. ",heuristic_fallback,['medium_atr_volatility_75pct_risk'],2026-02-01 00:00:00+00:00,207,76895.53
value_investing,hold,"['rsi_14', 'macd_hist', 'ema_20', 'ema_50', 'ema_100', 'atr_pct', 'drawdown_from_peak']",0.1265625,0.55,"Deterministic fallback based on RSI, MACD, EMA trend, drawdown, and ATR%. ",heuristic_fallback,['medium_atr_volatility_75pct_risk'],2026-02-02 00:00:00+00:00,208,78666.85
value_investing,hold,"['rsi_14', 'macd_hist', 'ema_20', 'ema_50', 'ema_100', 'atr_pct', 'drawdown_from_peak']",0.09492187499999999,0.55,"Deterministic fallback based on RSI, MACD, EMA trend, drawdown, and ATR%. ",heuristic_fallback,['medium_atr_volatility_75pct_risk'],2026-02-03 00:00:00+00:00,209,75661.49
value_investing,hold,"['rsi_14', 'macd_hist', 'ema_20', 'ema_50', 'ema_100', 'atr_pct', 'drawdown_from_peak']",0.15000000000000002,0.55,"Deterministic fallback based on RSI, MACD, EMA trend, drawdown, and ATR%. ",heuristic_fallback,"['medium_atr_volatility_75pct_risk', 'trade_cooldown_1_of_3']",2026-02-04 00:00:00+00:00,210,72998.0
value_investing,hold,"['rsi_14', 'macd_hist', 'ema_20', 'ema_50', 'ema_100', 'atr_pct', 'drawdown_from_peak']",0.07500000000000001,0.55,"Deterministic fallback based on RSI, MACD, EMA trend, drawdown, and ATR%. ",heuristic_fallback,['high_atr_volatility_50pct_risk'],2026-02-05 00:00:00+00:00,211,62791.0
value_investing,hold,"['rsi_14', 'macd_hist', 'ema_20', 'ema_50', 'ema_100', 'atr_pct', 'drawdown_from_peak']",0.05,0.55,"Deterministic fallback based on RSI, MACD, EMA trend, drawdown, and ATR%. ",heuristic_fallback,['high_atr_volatility_50pct_risk'],2026-02-06 00:00:00+00:00,212,70527.7
value_investing,hold,"['rsi_14', 'macd_hist', 'ema_20', 'ema_50', 'ema_100', 'atr_pct', 'drawdown_from_peak']",0.05,0.55,"Deterministic fallback based on RSI, MACD, EMA trend, drawdown, and ATR%. ",heuristic_fallback,['high_atr_volatility_50pct_risk'],2026-02-07 00:00:00+00:00,213,69244.74
value_investing,hold,"['rsi_14', 'macd_hist', 'ema_20', 'ema_50', 'ema_100', 'atr_pct', 'drawdown_from_peak']",0.05,0.55,"Deterministic fallback based on RSI, MACD, EMA trend, drawdown, and ATR%. ",heuristic_fallback,['high_atr_volatility_50pct_risk'],2026-02-08 00:00:00+00:00,214,70279.33
value_investing,buy,"['rsi_14', 'macd_hist', 'ema_20', 'ema_50', 'ema_100', 'atr_pct', 'drawdown_from_peak']",0.125,0.55,"Deterministic fallback based on RSI, MACD, EMA trend, drawdown, and ATR%. ",heuristic_fallback,['high_atr_volatility_50pct_risk'],2026-02-09 00:00:00+00:00,215,70101.99
value_investing,buy,"['rsi_14', 'macd_hist', 'ema_20', 'ema_50', 'ema_100', 'atr_pct', 'drawdown_from_peak']",0.0625,0.55,"Deterministic fallback based on RSI, MACD, EMA trend, drawdown, and ATR%. ",heuristic_fallback,['high_atr_volatility_50pct_risk'],2026-02-10 00:00:00+00:00,216,68803.65
value_investing,buy,"['rsi_14', 'macd_hist', 'ema_20', 'ema_50', 'ema_100', 'atr_pct', 'drawdown_from_peak']",0.05,0.55,"Deterministic fallback based on RSI, MACD, EMA trend, drawdown, and ATR%. ",heuristic_fallback,['high_atr_volatility_50pct_risk'],2026-02-11 00:00:00+00:00,217,67024.93
value_investing,hold,"['rsi_14', 'macd_hist', 'ema_20', 'ema_50', 'ema_100', 'atr_pct', 'drawdown_from_peak']",0.025,0.55,"Deterministic fallback based on RSI, MACD, EMA trend, drawdown, and ATR%. ",heuristic_fallback,"['high_atr_volatility_50pct_risk', 'trade_cooldown_1_of_3']",2026-02-12 00:00:00+00:00,218,66208.0
value_investing,hold,"['rsi_14', 'macd_hist', 'ema_20', 'ema_50', 'ema_100', 'atr_pct', 'drawdown_from_peak']",0.05,0.55,"Deterministic fallback based on RSI, MACD, EMA trend, drawdown, and ATR%. ",heuristic_fallback,['high_atr_volatility_50pct_risk'],2026-02-13 00:00:00+00:00,219,68812.0
value_investing,buy,"['rsi_14', 'macd_hist', 'ema_20', 'ema_50', 'ema_100', 'atr_pct', 'drawdown_from_peak']",0.125,0.55,"Deterministic fallback based on RSI, MACD, EMA trend, drawdown, and ATR%. ",heuristic_fallback,['high_atr_volatility_50pct_risk'],2026-02-14 00:00:00+00:00,220,69786.96
value_investing,buy,"['rsi_14', 'macd_hist', 'ema_20', 'ema_50', 'ema_100', 'atr_pct', 'drawdown_from_peak']",0.0625,0.55,"Deterministic fallback based on RSI, MACD, EMA trend, drawdown, and ATR%. ",heuristic_fallback,['high_atr_volatility_50pct_risk'],2026-02-15 00:00:00+00:00,221,68792.0
value_investing,buy,"['rsi_14', 'macd_hist', 'ema_20', 'ema_50', 'ema_100', 'atr_pct', 'drawdown_from_peak']",0.05,0.55,"Deterministic fallback based on RSI, MACD, EMA trend, drawdown, and ATR%. ",heuristic_fallback,['high_atr_volatility_50pct_risk'],2026-02-16 00:00:00+00:00,222,68858.13
value_investing,buy,"['rsi_14', 'macd_hist', 'ema_20', 'ema_50', 'ema_100', 'atr_pct', 'drawdown_from_peak']",0.05,0.55,"Deterministic fallback based on RSI, MACD, EMA trend, drawdown, and ATR%. ",heuristic_fallback,['high_atr_volatility_50pct_risk'],2026-02-17 00:00:00+00:00,223,67466.7
value_investing,hold,"['rsi_14', 'macd_hist', 'ema_20', 'ema_50', 'ema_100', 'atr_pct', 'drawdown_from_peak']",0.025,0.55,"Deterministic fallback based on RSI, MACD, EMA trend, drawdown, and ATR%. ",heuristic_fallback,"['high_atr_volatility_50pct_risk', 'trade_cooldown_1_of_3']",2026-02-18 00:00:00+00:00,224,66419.79
value_investing,hold,"['rsi_14', 'macd_hist', 'ema_20', 'ema_50', 'ema_100', 'atr_pct', 'drawdown_from_peak']",0.30000000000000004,0.55,"Deterministic fallback based on RSI, MACD, EMA trend, drawdown, and ATR%. ",heuristic_fallback,['medium_atr_volatility_75pct_risk'],2026-02-19 00:00:00+00:00,225,66972.5
value_investing,hold,"['rsi_14', 'macd_hist', 'ema_20', 'ema_50', 'ema_100', 'atr_pct', 'drawdown_from_peak']",0.22500000000000003,0.55,"Deterministic fallback based on RSI, MACD, EMA trend, drawdown, and ATR%. ",heuristic_fallback,['medium_atr_volatility_75pct_risk'],2026-02-20 00:00:00+00:00,226,67984.42
value_investing,hold,"['rsi_14', 'macd_hist', 'ema_20', 'ema_50', 'ema_100', 'atr_pct', 'drawdown_from_peak']",0.22500000000000003,0.55,"Deterministic fallback based on RSI, MACD, EMA trend, drawdown, and ATR%. ",heuristic_fallback,[],2026-02-21 00:00:00+00:00,227,67955.78
value_investing,hold,"['rsi_14', 'macd_hist', 'ema_20', 'ema_50', 'ema_100', 'atr_pct', 'drawdown_from_peak']",0.22500000000000003,0.55,"Deterministic fallback based on RSI, MACD, EMA trend, drawdown, and ATR%. ",heuristic_fallback,[],2026-02-22 00:00:00+00:00,228,67617.98
value_investing,hold,"['rsi_14', 'macd_hist', 'ema_20', 'ema_50', 'ema_100', 'atr_pct', 'drawdown_from_peak']",0.22500000000000003,0.55,"Deterministic fallback based on RSI, MACD, EMA trend, drawdown, and ATR%. ",heuristic_fallback,[],2026-02-23 00:00:00+00:00,229,64625.78
value_investing,hold,"['rsi_14', 'macd_hist', 'ema_20', 'ema_50', 'ema_100', 'atr_pct', 'drawdown_from_peak']",0.3,0.55,"Deterministic fallback based on RSI, MACD, EMA trend, drawdown, and ATR%. ",heuristic_fallback,['trade_cooldown_1_of_3'],2026-02-24 00:00:00+00:00,230,64068.33
value_investing,hold,"['rsi_14', 'macd_hist', 'ema_20', 'ema_50', 'ema_100', 'atr_pct', 'drawdown_from_peak']",0.3,0.55,"Deterministic fallback based on RSI, MACD, EMA trend, drawdown, and ATR%. ",heuristic_fallback,[],2026-02-25 00:00:00+00:00,231,67992.68
value_investing,hold,"['rsi_14', 'macd_hist', 'ema_20', 'ema_50', 'ema_100', 'atr_pct', 'drawdown_from_peak']",0.3,0.55,"Deterministic fallback based on RSI, MACD, EMA trend, drawdown, and ATR%. ",heuristic_fallback,[],2026-02-26 00:00:00+00:00,232,67490.51
value_investing,hold,"['rsi_14', 'macd_hist', 'ema_20', 'ema_50', 'ema_100', 'atr_pct', 'drawdown_from_peak']",0.3,0.55,"Deterministic fallback based on RSI, MACD, EMA trend, drawdown, and ATR%. ",heuristic_fallback,[],2026-02-27 00:00:00+00:00,233,65859.94
value_investing,hold,"['rsi_14', 'macd_hist', 'ema_20', 'ema_50', 'ema_100', 'atr_pct', 'drawdown_from_peak']",0.22499999999999998,0.55,"Deterministic fallback based on RSI, MACD, EMA trend, drawdown, and ATR%. ",heuristic_fallback,['medium_atr_volatility_75pct_risk'],2026-02-28 00:00:00+00:00,234,66967.85
value_investing,hold,"['rsi_14', 'macd_hist', 'ema_20', 'ema_50', 'ema_100', 'atr_pct', 'drawdown_from_peak']",0.15000000000000002,0.55,"Deterministic fallback based on RSI, MACD, EMA trend, drawdown, and ATR%. ",heuristic_fallback,"['medium_atr_volatility_75pct_risk', 'trade_cooldown_2_of_3']",2026-03-01 00:00:00+00:00,235,65769.0
value_investing,hold,"['rsi_14', 'macd_hist', 'ema_20', 'ema_50', 'ema_100', 'atr_pct', 'drawdown_from_peak']",0.11250000000000002,0.55,"Deterministic fallback based on RSI, MACD, EMA trend, drawdown, and ATR%. ",heuristic_fallback,['medium_atr_volatility_75pct_risk'],2026-03-02 00:00:00+00:00,236,68832.01
value_investing,hold,"['rsi_14', 'macd_hist', 'ema_20', 'ema_50', 'ema_100', 'atr_pct', 'drawdown_from_peak']",0.084375,0.55,"Deterministic fallback based on RSI, MACD, EMA trend, drawdown, and ATR%. ",heuristic_fallback,['medium_atr_volatility_75pct_risk'],2026-03-03 00:00:00+00:00,237,68335.99
value_investing,hold,"['rsi_14', 'macd_hist', 'ema_20', 'ema_50', 'ema_100', 'atr_pct', 'drawdown_from_peak']",0.07500000000000001,0.55,"Deterministic fallback based on RSI, MACD, EMA trend, drawdown, and ATR%. ",heuristic_fallback,['medium_atr_volatility_75pct_risk'],2026-03-04 00:00:00+00:00,238,72683.26
value_investing,hold,"['rsi_14', 'macd_hist', 'ema_20', 'ema_50', 'ema_100', 'atr_pct', 'drawdown_from_peak']",0.07500000000000001,0.55,"Deterministic fallback based on RSI, MACD, EMA trend, drawdown, and ATR%. ",heuristic_fallback,['medium_atr_volatility_75pct_risk'],2026-03-05 00:00:00+00:00,239,70887.6
value_investing,hold,"['rsi_14', 'macd_hist', 'ema_20', 'ema_50', 'ema_100', 'atr_pct', 'drawdown_from_peak']",0.30000000000000004,0.55,"Deterministic fallback based on RSI, MACD, EMA trend, drawdown, and ATR%. ",heuristic_fallback,['medium_atr_volatility_75pct_risk'],2026-03-06 00:00:00+00:00,240,68108.24
value_investing,hold,"['rsi_14', 'macd_hist', 'ema_20', 'ema_50', 'ema_100', 'atr_pct', 'drawdown_from_peak']",0.22500000000000003,0.55,"Deterministic fallback based on RSI, MACD, EMA trend, drawdown, and ATR%. ",heuristic_fallback,['medium_atr_volatility_75pct_risk'],2026-03-07 00:00:00+00:00,241,67259.62
value_investing,hold,"['rsi_14', 'macd_hist', 'ema_20', 'ema_50', 'ema_100', 'atr_pct', 'drawdown_from_peak']",0.16875,0.55,"Deterministic fallback based on RSI, MACD, EMA trend, drawdown, and ATR%. ",heuristic_fallback,['medium_atr_volatility_75pct_risk'],2026-03-08 00:00:00+00:00,242,65970.56
value_investing,hold,"['rsi_14', 'macd_hist', 'ema_20', 'ema_50', 'ema_100', 'atr_pct', 'drawdown_from_peak']",0.12656250000000002,0.55,"Deterministic fallback based on RSI, MACD, EMA trend, drawdown, and ATR%. ",heuristic_fallback,['medium_atr_volatility_75pct_risk'],2026-03-09 00:00:00+00:00,243,68432.17
value_investing,hold,"['rsi_14', 'macd_hist', 'ema_20', 'ema_50', 'ema_100', 'atr_pct', 'drawdown_from_peak']",0.09492187500000002,0.55,"Deterministic fallback based on RSI, MACD, EMA trend, drawdown, and ATR%. ",heuristic_fallback,['medium_atr_volatility_75pct_risk'],2026-03-10 00:00:00+00:00,244,69960.83
value_investing,hold,"['rsi_14', 'macd_hist', 'ema_20', 'ema_50', 'ema_100', 'atr_pct', 'drawdown_from_peak']",0.30000000000000004,0.55,"Deterministic fallback based on RSI, MACD, EMA trend, drawdown, and ATR%. ",heuristic_fallback,['medium_atr_volatility_75pct_risk'],2026-03-11 00:00:00+00:00,245,70208.0
value_investing,hold,"['rsi_14', 'macd_hist', 'ema_20', 'ema_50', 'ema_100', 'atr_pct', 'drawdown_from_peak']",0.22500000000000003,0.55,"Deterministic fallback based on RSI, MACD, EMA trend, drawdown, and ATR%. ",heuristic_fallback,['medium_atr_volatility_75pct_risk'],2026-03-12 00:00:00+00:00,246,70531.56
value_investing,hold,"['rsi_14', 'macd_hist', 'ema_20', 'ema_50', 'ema_100', 'atr_pct', 'drawdown_from_peak']",0.16875,0.55,"Deterministic fallback based on RSI, MACD, EMA trend, drawdown, and ATR%. ",heuristic_fallback,['medium_atr_volatility_75pct_risk'],2026-03-13 00:00:00+00:00,247,70944.33
value_investing,hold,"['rsi_14', 'macd_hist', 'ema_20', 'ema_50', 'ema_100', 'atr_pct', 'drawdown_from_peak']",0.12656250000000002,0.55,"Deterministic fallback based on RSI, MACD, EMA trend, drawdown, and ATR%. ",heuristic_fallback,['medium_atr_volatility_75pct_risk'],2026-03-14 00:00:00+00:00,248,71232.02
value_investing,hold,"['rsi_14', 'macd_hist', 'ema_20', 'ema_50', 'ema_100', 'atr_pct', 'drawdown_from_peak']",0.09492187500000002,0.55,"Deterministic fallback based on RSI, MACD, EMA trend, drawdown, and ATR%. ",heuristic_fallback,['medium_atr_volatility_75pct_risk'],2026-03-15 00:00:00+00:00,249,72830.01
value_investing,hold,"['rsi_14', 'macd_hist', 'ema_20', 'ema_50', 'ema_100', 'atr_pct', 'drawdown_from_peak']",0.6,0.55,"Deterministic fallback based on RSI, MACD, EMA trend, drawdown, and ATR%. ",heuristic_fallback,[],2026-03-16 00:00:00+00:00,250,74886.47
value_investing,hold,"['rsi_14', 'macd_hist', 'ema_20', 'ema_50', 'ema_100', 'atr_pct', 'drawdown_from_peak']",0.6,0.55,"Deterministic fallback based on RSI, MACD, EMA trend, drawdown, and ATR%. ",heuristic_fallback,[],2026-03-17 00:00:00+00:00,251,73934.11
value_investing,hold,"['rsi_14', 'macd_hist', 'ema_20', 'ema_50', 'ema_100', 'atr_pct', 'drawdown_from_peak']",0.6,0.55,"Deterministic fallback based on RSI, MACD, EMA trend, drawdown, and ATR%. ",heuristic_fallback,[],2026-03-18 00:00:00+00:00,252,71245.02
value_investing,hold,"['rsi_14', 'macd_hist', 'ema_20', 'ema_50', 'ema_100', 'atr_pct', 'drawdown_from_peak']",0.6,0.55,"Deterministic fallback based on RSI, MACD, EMA trend, drawdown, and ATR%. ",heuristic_fallback,[],2026-03-19 00:00:00+00:00,253,69918.3
value_investing,hold,"['rsi_14', 'macd_hist', 'ema_20', 'ema_50', 'ema_100', 'atr_pct', 'drawdown_from_peak']",0.6,0.55,"Deterministic fallback based on RSI, MACD, EMA trend, drawdown, and ATR%. ",heuristic_fallback,[],2026-03-20 00:00:00+00:00,254,70497.01
value_investing,hold,"['rsi_14', 'macd_hist', 'ema_20', 'ema_50', 'ema_100', 'atr_pct', 'drawdown_from_peak']",0.6,0.55,"Deterministic fallback based on RSI, MACD, EMA trend, drawdown, and ATR%. ",heuristic_fallback,[],2026-03-21 00:00:00+00:00,255,68912.02
value_investing,hold,"['rsi_14', 'macd_hist', 'ema_20', 'ema_50', 'ema_100', 'atr_pct', 'drawdown_from_peak']",0.6,0.55,"Deterministic fallback based on RSI, MACD, EMA trend, drawdown, and ATR%. ",heuristic_fallback,[],2026-03-22 00:00:00+00:00,256,67844.94
value_investing,hold,"['rsi_14', 'macd_hist', 'ema_20', 'ema_50', 'ema_100', 'atr_pct', 'drawdown_from_peak']",0.6,0.55,"Deterministic fallback based on RSI, MACD, EMA trend, drawdown, and ATR%. ",heuristic_fallback,[],2026-03-23 00:00:00+00:00,257,70874.23
value_investing,hold,"['rsi_14', 'macd_hist', 'ema_20', 'ema_50', 'ema_100', 'atr_pct', 'drawdown_from_peak']",0.6,0.55,"Deterministic fallback based on RSI, MACD, EMA trend, drawdown, and ATR%. ",heuristic_fallback,[],2026-03-24 00:00:00+00:00,258,70533.49
value_investing,hold,"['rsi_14', 'macd_hist', 'ema_20', 'ema_50', 'ema_100', 'atr_pct', 'drawdown_from_peak']",0.6,0.55,"Deterministic fallback based on RSI, MACD, EMA trend, drawdown, and ATR%. ",heuristic_fallback,[],2026-03-25 00:00:00+00:00,259,71301.53
value_investing,hold,"['rsi_14', 'macd_hist', 'ema_20', 'ema_50', 'ema_100', 'atr_pct', 'drawdown_from_peak']",0.6,0.55,"Deterministic fallback based on RSI, MACD, EMA trend, drawdown, and ATR%. ",heuristic_fallback,[],2026-03-26 00:00:00+00:00,260,68769.02
value_investing,hold,"['rsi_14', 'macd_hist', 'ema_20', 'ema_50', 'ema_100', 'atr_pct', 'drawdown_from_peak']",0.44999999999999996,0.55,"Deterministic fallback based on RSI, MACD, EMA trend, drawdown, and ATR%. ",heuristic_fallback,['medium_atr_volatility_75pct_risk'],2026-03-27 00:00:00+00:00,261,66353.34
value_investing,hold,"['rsi_14', 'macd_hist', 'ema_20', 'ema_50', 'ema_100', 'atr_pct', 'drawdown_from_peak']",0.33749999999999997,0.55,"Deterministic fallback based on RSI, MACD, EMA trend, drawdown, and ATR%. ",heuristic_fallback,['medium_atr_volatility_75pct_risk'],2026-03-28 00:00:00+00:00,262,66320.15
value_investing,hold,"['rsi_14', 'macd_hist', 'ema_20', 'ema_50', 'ema_100', 'atr_pct', 'drawdown_from_peak']",0.253125,0.55,"Deterministic fallback based on RSI, MACD, EMA trend, drawdown, and ATR%. ",heuristic_fallback,['medium_atr_volatility_75pct_risk'],2026-03-29 00:00:00+00:00,263,65956.94
value_investing,hold,"['rsi_14', 'macd_hist', 'ema_20', 'ema_50', 'ema_100', 'atr_pct', 'drawdown_from_peak']",0.18984374999999998,0.55,"Deterministic fallback based on RSI, MACD, EMA trend, drawdown, and ATR%. ",heuristic_fallback,['medium_atr_volatility_75pct_risk'],2026-03-30 00:00:00+00:00,264,66737.18
value_investing,buy,"['rsi_14', 'macd_hist', 'ema_20', 'ema_50', 'ema_100', 'atr_pct', 'drawdown_from_peak']",0.6,0.55,"Deterministic fallback based on RSI, MACD, EMA trend, drawdown, and ATR%. ",heuristic_fallback,[],2026-03-31 00:00:00+00:00,265,68221.85
value_investing,buy,"['rsi_14', 'macd_hist', 'ema_20', 'ema_50', 'ema_100', 'atr_pct', 'drawdown_from_peak']",0.6,0.55,"Deterministic fallback based on RSI, MACD, EMA trend, drawdown, and ATR%. ",heuristic_fallback,[],2026-04-01 00:00:00+00:00,266,68112.35
value_investing,buy,"['rsi_14', 'macd_hist', 'ema_20', 'ema_50', 'ema_100', 'atr_pct', 'drawdown_from_peak']",0.6,0.55,"Deterministic fallback based on RSI, MACD, EMA trend, drawdown, and ATR%. ",heuristic_fallback,[],2026-04-02 00:00:00+00:00,267,66894.48
value_investing,buy,"['rsi_14', 'macd_hist', 'ema_20', 'ema_50', 'ema_100', 'atr_pct', 'drawdown_from_peak']",0.6,0.55,"Deterministic fallback based on RSI, MACD, EMA trend, drawdown, and ATR%. ",heuristic_fallback,[],2026-04-03 00:00:00+00:00,268,66959.99
value_investing,buy,"['rsi_14', 'macd_hist', 'ema_20', 'ema_50', 'ema_100', 'atr_pct', 'drawdown_from_peak']",0.6,0.55,"Deterministic fallback based on RSI, MACD, EMA trend, drawdown, and ATR%. ",heuristic_fallback,[],2026-04-04 00:00:00+00:00,269,67291.73
value_investing,hold,"['rsi_14', 'macd_hist', 'ema_20', 'ema_50', 'ema_100', 'atr_pct', 'drawdown_from_peak']",0.6,0.55,"Deterministic fallback based on RSI, MACD, EMA trend, drawdown, and ATR%. ",heuristic_fallback,[],2026-04-05 00:00:00+00:00,270,69005.0
value_investing,hold,"['rsi_14', 'macd_hist', 'ema_20', 'ema_50', 'ema_100', 'atr_pct', 'drawdown_from_peak']",0.6,0.55,"Deterministic fallback based on RSI, MACD, EMA trend, drawdown, and ATR%. ",heuristic_fallback,[],2026-04-06 00:00:00+00:00,271,68853.61
value_investing,hold,"['rsi_14', 'macd_hist', 'ema_20', 'ema_50', 'ema_100', 'atr_pct', 'drawdown_from_peak']",0.6,0.55,"Deterministic fallback based on RSI, MACD, EMA trend, drawdown, and ATR%. ",heuristic_fallback,[],2026-04-07 00:00:00+00:00,272,71910.2
value_investing,hold,"['rsi_14', 'macd_hist', 'ema_20', 'ema_50', 'ema_100', 'atr_pct', 'drawdown_from_peak']",0.6,0.55,"Deterministic fallback based on RSI, MACD, EMA trend, drawdown, and ATR%. ",heuristic_fallback,[],2026-04-08 00:00:00+00:00,273,71085.99
value_investing,hold,"['rsi_14', 'macd_hist', 'ema_20', 'ema_50', 'ema_100', 'atr_pct', 'drawdown_from_peak']",0.6,0.55,"Deterministic fallback based on RSI, MACD, EMA trend, drawdown, and ATR%. ",heuristic_fallback,[],2026-04-09 00:00:00+00:00,274,71798.01
value_investing,hold,"['rsi_14', 'macd_hist', 'ema_20', 'ema_50', 'ema_100', 'atr_pct', 'drawdown_from_peak']",0.6,0.55,"Deterministic fallback based on RSI, MACD, EMA trend, drawdown, and ATR%. ",heuristic_fallback,[],2026-04-10 00:00:00+00:00,275,72997.88
value_investing,hold,"['rsi_14', 'macd_hist', 'ema_20', 'ema_50', 'ema_100', 'atr_pct', 'drawdown_from_peak']",0.6,0.55,"Deterministic fallback based on RSI, MACD, EMA trend, drawdown, and ATR%. ",heuristic_fallback,[],2026-04-11 00:00:00+00:00,276,73086.0
value_investing,hold,"['rsi_14', 'macd_hist', 'ema_20', 'ema_50', 'ema_100', 'atr_pct', 'drawdown_from_peak']",0.6,0.55,"Deterministic fallback based on RSI, MACD, EMA trend, drawdown, and ATR%. ",heuristic_fallback,[],2026-04-12 00:00:00+00:00,277,70755.35
value_investing,hold,"['rsi_14', 'macd_hist', 'ema_20', 'ema_50', 'ema_100', 'atr_pct', 'drawdown_from_peak']",0.6,0.55,"Deterministic fallback based on RSI, MACD, EMA trend, drawdown, and ATR%. ",heuristic_fallback,[],2026-04-13 00:00:00+00:00,278,74446.0
value_investing,hold,"['rsi_14', 'macd_hist', 'ema_20', 'ema_50', 'ema_100', 'atr_pct', 'drawdown_from_peak']",0.6,0.55,"Deterministic fallback based on RSI, MACD, EMA trend, drawdown, and ATR%. ",heuristic_fallback,[],2026-04-14 00:00:00+00:00,279,74179.04
value_investing,hold,"['rsi_14', 'macd_hist', 'ema_20', 'ema_50', 'ema_100', 'atr_pct', 'drawdown_from_peak']",0.6,0.55,"Deterministic fallback based on RSI, MACD, EMA trend, drawdown, and ATR%. ",heuristic_fallback,[],2026-04-15 00:00:00+00:00,280,74836.31
value_investing,hold,"['rsi_14', 'macd_hist', 'ema_20', 'ema_50', 'ema_100', 'atr_pct', 'drawdown_from_peak']",0.6,0.55,"Deterministic fallback based on RSI, MACD, EMA trend, drawdown, and ATR%. ",heuristic_fallback,[],2026-04-16 00:00:00+00:00,281,75163.09
value_investing,hold,"['rsi_14', 'macd_hist', 'ema_20', 'ema_50', 'ema_100', 'atr_pct', 'drawdown_from_peak']",0.6,0.55,"Deterministic fallback based on RSI, MACD, EMA trend, drawdown, and ATR%. ",heuristic_fallback,[],2026-04-17 00:00:00+00:00,282,77098.01
value_investing,hold,"['rsi_14', 'macd_hist', 'ema_20', 'ema_50', 'ema_100', 'atr_pct', 'drawdown_from_peak']",0.6,0.55,"Deterministic fallback based on RSI, MACD, EMA trend, drawdown, and ATR%. ",heuristic_fallback,[],2026-04-18 00:00:00+00:00,283,75736.82
value_investing,hold,"['rsi_14', 'macd_hist', 'ema_20', 'ema_50', 'ema_100', 'atr_pct', 'drawdown_from_peak']",0.6,0.55,"Deterministic fallback based on RSI, MACD, EMA trend, drawdown, and ATR%. ",heuristic_fallback,[],2026-04-19 00:00:00+00:00,284,73823.14
value_investing,hold,"['rsi_14', 'macd_hist', 'ema_20', 'ema_50', 'ema_100', 'atr_pct', 'drawdown_from_peak']",0.6,0.55,"Deterministic fallback based on RSI, MACD, EMA trend, drawdown, and ATR%. ",heuristic_fallback,[],2026-04-20 00:00:00+00:00,285,75864.86
value_investing,hold,"['rsi_14', 'macd_hist', 'ema_20', 'ema_50', 'ema_100', 'atr_pct', 'drawdown_from_peak']",0.6,0.55,"Deterministic fallback based on RSI, MACD, EMA trend, drawdown, and ATR%. ",heuristic_fallback,[],2026-04-21 00:00:00+00:00,286,76348.58
value_investing,hold,"['rsi_14', 'macd_hist', 'ema_20', 'ema_50', 'ema_100', 'atr_pct', 'drawdown_from_peak']",0.6,0.55,"Deterministic fallback based on RSI, MACD, EMA trend, drawdown, and ATR%. ",heuristic_fallback,[],2026-04-22 00:00:00+00:00,287,78208.52
value_investing,hold,"['rsi_14', 'macd_hist', 'ema_20', 'ema_50', 'ema_100', 'atr_pct', 'drawdown_from_peak']",0.6,0.55,"Deterministic fallback based on RSI, MACD, EMA trend, drawdown, and ATR%. ",heuristic_fallback,[],2026-04-23 00:00:00+00:00,288,78281.32
value_investing,hold,"['rsi_14', 'macd_hist', 'ema_20', 'ema_50', 'ema_100', 'atr_pct', 'drawdown_from_peak']",0.6,0.55,"Deterministic fallback based on RSI, MACD, EMA trend, drawdown, and ATR%. ",heuristic_fallback,[],2026-04-24 00:00:00+00:00,289,77461.8
value_investing,hold,"['rsi_14', 'macd_hist', 'ema_20', 'ema_50', 'ema_100', 'atr_pct', 'drawdown_from_peak']",0.6,0.55,"Deterministic fallback based on RSI, MACD, EMA trend, drawdown, and ATR%. ",heuristic_fallback,[],2026-04-25 00:00:00+00:00,290,77650.72
value_investing,hold,"['rsi_14', 'macd_hist', 'ema_20', 'ema_50', 'ema_100', 'atr_pct', 'drawdown_from_peak']",0.6,0.55,"Deterministic fallback based on RSI, MACD, EMA trend, drawdown, and ATR%. ",heuristic_fallback,[],2026-04-26 00:00:00+00:00,291,78673.83
value_investing,hold,"['rsi_14', 'macd_hist', 'ema_20', 'ema_50', 'ema_100', 'atr_pct', 'drawdown_from_peak']",0.6,0.55,"Deterministic fallback based on RSI, MACD, EMA trend, drawdown, and ATR%. ",heuristic_fallback,[],2026-04-27 00:00:00+00:00,292,77364.42
value_investing,hold,"['rsi_14', 'macd_hist', 'ema_20', 'ema_50', 'ema_100', 'atr_pct', 'drawdown_from_peak']",0.6,0.55,"Deterministic fallback based on RSI, MACD, EMA trend, drawdown, and ATR%. ",heuristic_fallback,[],2026-04-28 00:00:00+00:00,293,76317.99
value_investing,hold,"['rsi_14', 'macd_hist', 'ema_20', 'ema_50', 'ema_100', 'atr_pct', 'drawdown_from_peak']",0.6,0.55,"Deterministic fallback based on RSI, MACD, EMA trend, drawdown, and ATR%. ",heuristic_fallback,[],2026-04-29 00:00:00+00:00,294,75752.88
value_investing,hold,"['rsi_14', 'macd_hist', 'ema_20', 'ema_50', 'ema_100', 'atr_pct', 'drawdown_from_peak']",0.6,0.55,"Deterministic fallback based on RSI, MACD, EMA trend, drawdown, and ATR%. ",heuristic_fallback,[],2026-04-30 00:00:00+00:00,295,76305.78
value_investing,hold,"['rsi_14', 'macd_hist', 'ema_20', 'ema_50', 'ema_100', 'atr_pct', 'drawdown_from_peak']",0.6,0.55,"Deterministic fallback based on RSI, MACD, EMA trend, drawdown, and ATR%. ",heuristic_fallback,[],2026-05-01 00:00:00+00:00,296,78234.05
value_investing,hold,"['rsi_14', 'macd_hist', 'ema_20', 'ema_50', 'ema_100', 'atr_pct', 'drawdown_from_peak']",0.6,0.55,"Deterministic fallback based on RSI, MACD, EMA trend, drawdown, and ATR%. ",heuristic_fallback,[],2026-05-02 00:00:00+00:00,297,78682.31
value_investing,hold,"['rsi_14', 'macd_hist', 'ema_20', 'ema_50', 'ema_100', 'atr_pct', 'drawdown_from_peak']",0.6,0.55,"Deterministic fallback based on RSI, MACD, EMA trend, drawdown, and ATR%. ",heuristic_fallback,[],2026-05-03 00:00:00+00:00,298,78558.89
value_investing,hold,"['rsi_14', 'macd_hist', 'ema_20', 'ema_50', 'ema_100', 'atr_pct', 'drawdown_from_peak']",0.6,0.55,"Deterministic fallback based on RSI, MACD, EMA trend, drawdown, and ATR%. ",heuristic_fallback,[],2026-05-04 00:00:00+00:00,299,79182.1
